{
  "name": "react_vendor_library",
  "content": {
    "./node_modules/react/react.js": 1,
    "./node_modules/react/lib/React.js": 2,
    "./node_modules/react/node_modules/object-assign/index.js": 3,
    "./node_modules/react/lib/ReactChildren.js": 4,
    "./node_modules/react/lib/PooledClass.js": 5,
    "./node_modules/react/lib/reactProdInvariant.js": 6,
    "./node_modules/react/node_modules/fbjs/lib/invariant.js": 7,
    "./node_modules/react/lib/ReactElement.js": 8,
    "./node_modules/react/lib/ReactCurrentOwner.js": 9,
    "./node_modules/react/node_modules/fbjs/lib/warning.js": 10,
    "./node_modules/react/node_modules/fbjs/lib/emptyFunction.js": 11,
    "./node_modules/react/lib/canDefineProperty.js": 12,
    "./node_modules/react/lib/ReactElementSymbol.js": 13,
    "./node_modules/react/lib/traverseAllChildren.js": 14,
    "./node_modules/react/lib/getIteratorFn.js": 15,
    "./node_modules/react/lib/KeyEscapeUtils.js": 16,
    "./node_modules/react/lib/ReactComponent.js": 17,
    "./node_modules/react/lib/ReactNoopUpdateQueue.js": 18,
    "./node_modules/react/node_modules/fbjs/lib/emptyObject.js": 19,
    "./node_modules/react/lib/ReactPureComponent.js": 20,
    "./node_modules/react/lib/ReactClass.js": 21,
    "./node_modules/react/lib/ReactPropTypeLocationNames.js": 22,
    "./node_modules/react/lib/ReactDOMFactories.js": 23,
    "./node_modules/react/lib/ReactPropTypes.js": 24,
    "./node_modules/react/lib/ReactPropTypesSecret.js": 25,
    "./node_modules/react/lib/ReactVersion.js": 26,
    "./node_modules/react/lib/onlyChild.js": 27,
    "./node_modules/react-dom/index.js": 28,
    "./node_modules/react-dom/lib/ReactDOM.js": 29,
    "./node_modules/react-dom/lib/ReactDOMComponentTree.js": 30,
    "./node_modules/react-dom/lib/reactProdInvariant.js": 31,
    "./node_modules/react-dom/lib/DOMProperty.js": 32,
    "./node_modules/react-dom/node_modules/fbjs/lib/invariant.js": 33,
    "./node_modules/react-dom/lib/ReactDOMComponentFlags.js": 34,
    "./node_modules/react-dom/lib/ReactDefaultInjection.js": 35,
    "./node_modules/react-dom/lib/ARIADOMPropertyConfig.js": 36,
    "./node_modules/react-dom/lib/BeforeInputEventPlugin.js": 37,
    "./node_modules/react-dom/lib/EventPropagators.js": 38,
    "./node_modules/react-dom/lib/EventPluginHub.js": 39,
    "./node_modules/react-dom/lib/EventPluginRegistry.js": 40,
    "./node_modules/react-dom/lib/EventPluginUtils.js": 41,
    "./node_modules/react-dom/lib/ReactErrorUtils.js": 42,
    "./node_modules/react-dom/node_modules/fbjs/lib/warning.js": 43,
    "./node_modules/react-dom/node_modules/fbjs/lib/emptyFunction.js": 44,
    "./node_modules/react-dom/lib/accumulateInto.js": 45,
    "./node_modules/react-dom/lib/forEachAccumulated.js": 46,
    "./node_modules/react-dom/node_modules/fbjs/lib/ExecutionEnvironment.js": 47,
    "./node_modules/react-dom/lib/FallbackCompositionState.js": 48,
    "./node_modules/react-dom/node_modules/object-assign/index.js": 49,
    "./node_modules/react-dom/lib/PooledClass.js": 50,
    "./node_modules/react-dom/lib/getTextContentAccessor.js": 51,
    "./node_modules/react-dom/lib/SyntheticCompositionEvent.js": 52,
    "./node_modules/react-dom/lib/SyntheticEvent.js": 53,
    "./node_modules/react-dom/lib/SyntheticInputEvent.js": 54,
    "./node_modules/react-dom/lib/ChangeEventPlugin.js": 55,
    "./node_modules/react-dom/lib/ReactUpdates.js": 56,
    "./node_modules/react-dom/lib/CallbackQueue.js": 57,
    "./node_modules/react-dom/lib/ReactFeatureFlags.js": 58,
    "./node_modules/react-dom/lib/ReactReconciler.js": 59,
    "./node_modules/react-dom/lib/ReactRef.js": 60,
    "./node_modules/react-dom/lib/ReactOwner.js": 61,
    "./node_modules/react-dom/lib/ReactInstrumentation.js": 62,
    "./node_modules/react-dom/lib/Transaction.js": 63,
    "./node_modules/react-dom/lib/getEventTarget.js": 64,
    "./node_modules/react-dom/lib/isEventSupported.js": 65,
    "./node_modules/react-dom/lib/isTextInputElement.js": 66,
    "./node_modules/react-dom/lib/DefaultEventPluginOrder.js": 67,
    "./node_modules/react-dom/lib/EnterLeaveEventPlugin.js": 68,
    "./node_modules/react-dom/lib/SyntheticMouseEvent.js": 69,
    "./node_modules/react-dom/lib/SyntheticUIEvent.js": 70,
    "./node_modules/react-dom/lib/ViewportMetrics.js": 71,
    "./node_modules/react-dom/lib/getEventModifierState.js": 72,
    "./node_modules/react-dom/lib/HTMLDOMPropertyConfig.js": 73,
    "./node_modules/react-dom/lib/ReactComponentBrowserEnvironment.js": 74,
    "./node_modules/react-dom/lib/DOMChildrenOperations.js": 75,
    "./node_modules/react-dom/lib/DOMLazyTree.js": 76,
    "./node_modules/react-dom/lib/DOMNamespaces.js": 77,
    "./node_modules/react-dom/lib/setInnerHTML.js": 78,
    "./node_modules/react-dom/lib/createMicrosoftUnsafeLocalFunction.js": 79,
    "./node_modules/react-dom/lib/setTextContent.js": 80,
    "./node_modules/react-dom/lib/escapeTextContentForBrowser.js": 81,
    "./node_modules/react-dom/lib/Danger.js": 82,
    "./node_modules/react-dom/node_modules/fbjs/lib/createNodesFromMarkup.js": 83,
    "./node_modules/react-dom/node_modules/fbjs/lib/createArrayFromMixed.js": 84,
    "./node_modules/react-dom/node_modules/fbjs/lib/getMarkupWrap.js": 85,
    "./node_modules/react-dom/lib/ReactDOMIDOperations.js": 86,
    "./node_modules/react-dom/lib/ReactDOMComponent.js": 87,
    "./node_modules/react-dom/lib/AutoFocusUtils.js": 88,
    "./node_modules/react-dom/node_modules/fbjs/lib/focusNode.js": 89,
    "./node_modules/react-dom/lib/CSSPropertyOperations.js": 90,
    "./node_modules/react-dom/lib/CSSProperty.js": 91,
    "./node_modules/react-dom/node_modules/fbjs/lib/camelizeStyleName.js": 92,
    "./node_modules/react-dom/node_modules/fbjs/lib/camelize.js": 93,
    "./node_modules/react-dom/lib/dangerousStyleValue.js": 94,
    "./node_modules/react-dom/node_modules/fbjs/lib/hyphenateStyleName.js": 95,
    "./node_modules/react-dom/node_modules/fbjs/lib/hyphenate.js": 96,
    "./node_modules/react-dom/node_modules/fbjs/lib/memoizeStringOnly.js": 97,
    "./node_modules/react-dom/lib/DOMPropertyOperations.js": 98,
    "./node_modules/react-dom/lib/quoteAttributeValueForBrowser.js": 99,
    "./node_modules/react-dom/lib/ReactBrowserEventEmitter.js": 100,
    "./node_modules/react-dom/lib/ReactEventEmitterMixin.js": 101,
    "./node_modules/react-dom/lib/getVendorPrefixedEventName.js": 102,
    "./node_modules/react-dom/lib/ReactDOMInput.js": 103,
    "./node_modules/react-dom/lib/LinkedValueUtils.js": 104,
    "./node_modules/react-dom/lib/ReactPropTypesSecret.js": 105,
    "./node_modules/react-dom/lib/ReactDOMOption.js": 106,
    "./node_modules/react-dom/lib/ReactDOMSelect.js": 107,
    "./node_modules/react-dom/lib/ReactDOMTextarea.js": 108,
    "./node_modules/react-dom/lib/ReactMultiChild.js": 109,
    "./node_modules/react-dom/lib/ReactComponentEnvironment.js": 110,
    "./node_modules/react-dom/lib/ReactInstanceMap.js": 111,
    "./node_modules/react-dom/lib/ReactChildReconciler.js": 112,
    "./node_modules/webpack/node_modules/node-libs-browser/node_modules/process/browser.js": 113,
    "./node_modules/react-dom/lib/instantiateReactComponent.js": 114,
    "./node_modules/react-dom/lib/ReactCompositeComponent.js": 115,
    "./node_modules/react-dom/lib/ReactNodeTypes.js": 116,
    "./node_modules/react-dom/node_modules/fbjs/lib/emptyObject.js": 117,
    "./node_modules/react-dom/node_modules/fbjs/lib/shallowEqual.js": 118,
    "./node_modules/react-dom/lib/shouldUpdateReactComponent.js": 119,
    "./node_modules/react-dom/lib/ReactEmptyComponent.js": 120,
    "./node_modules/react-dom/lib/ReactHostComponent.js": 121,
    "./node_modules/react-dom/lib/getNextDebugID.js": 122,
    "./node_modules/react-dom/lib/KeyEscapeUtils.js": 123,
    "./node_modules/react-dom/lib/traverseAllChildren.js": 124,
    "./node_modules/react-dom/lib/ReactElementSymbol.js": 125,
    "./node_modules/react-dom/lib/getIteratorFn.js": 126,
    "./node_modules/react/lib/ReactComponentTreeHook.js": 127,
    "./node_modules/react-dom/lib/flattenChildren.js": 128,
    "./node_modules/react-dom/lib/ReactServerRenderingTransaction.js": 129,
    "./node_modules/react-dom/lib/ReactServerUpdateQueue.js": 130,
    "./node_modules/react-dom/lib/ReactUpdateQueue.js": 131,
    "./node_modules/react-dom/lib/validateDOMNesting.js": 132,
    "./node_modules/react-dom/lib/ReactDOMEmptyComponent.js": 133,
    "./node_modules/react-dom/lib/ReactDOMTreeTraversal.js": 134,
    "./node_modules/react-dom/lib/ReactDOMTextComponent.js": 135,
    "./node_modules/react-dom/lib/ReactDefaultBatchingStrategy.js": 136,
    "./node_modules/react-dom/lib/ReactEventListener.js": 137,
    "./node_modules/react-dom/node_modules/fbjs/lib/EventListener.js": 138,
    "./node_modules/react-dom/node_modules/fbjs/lib/getUnboundedScrollPosition.js": 139,
    "./node_modules/react-dom/lib/ReactInjection.js": 140,
    "./node_modules/react-dom/lib/ReactReconcileTransaction.js": 141,
    "./node_modules/react-dom/lib/ReactInputSelection.js": 142,
    "./node_modules/react-dom/lib/ReactDOMSelection.js": 143,
    "./node_modules/react-dom/lib/getNodeForCharacterOffset.js": 144,
    "./node_modules/react-dom/node_modules/fbjs/lib/containsNode.js": 145,
    "./node_modules/react-dom/node_modules/fbjs/lib/isTextNode.js": 146,
    "./node_modules/react-dom/node_modules/fbjs/lib/isNode.js": 147,
    "./node_modules/react-dom/node_modules/fbjs/lib/getActiveElement.js": 148,
    "./node_modules/react-dom/lib/SVGDOMPropertyConfig.js": 149,
    "./node_modules/react-dom/lib/SelectEventPlugin.js": 150,
    "./node_modules/react-dom/lib/SimpleEventPlugin.js": 151,
    "./node_modules/react-dom/lib/SyntheticAnimationEvent.js": 152,
    "./node_modules/react-dom/lib/SyntheticClipboardEvent.js": 153,
    "./node_modules/react-dom/lib/SyntheticFocusEvent.js": 154,
    "./node_modules/react-dom/lib/SyntheticKeyboardEvent.js": 155,
    "./node_modules/react-dom/lib/getEventCharCode.js": 156,
    "./node_modules/react-dom/lib/getEventKey.js": 157,
    "./node_modules/react-dom/lib/SyntheticDragEvent.js": 158,
    "./node_modules/react-dom/lib/SyntheticTouchEvent.js": 159,
    "./node_modules/react-dom/lib/SyntheticTransitionEvent.js": 160,
    "./node_modules/react-dom/lib/SyntheticWheelEvent.js": 161,
    "./node_modules/react-dom/lib/ReactMount.js": 162,
    "./node_modules/react-dom/lib/ReactDOMContainerInfo.js": 163,
    "./node_modules/react-dom/lib/ReactDOMFeatureFlags.js": 164,
    "./node_modules/react-dom/lib/ReactMarkupChecksum.js": 165,
    "./node_modules/react-dom/lib/adler32.js": 166,
    "./node_modules/react-dom/lib/ReactVersion.js": 167,
    "./node_modules/react-dom/lib/findDOMNode.js": 168,
    "./node_modules/react-dom/lib/getHostComponentFromComposite.js": 169,
    "./node_modules/react-dom/lib/renderSubtreeIntoContainer.js": 170,
    "./components/vendor/base64.js": 171,
    "./node_modules/webpack/node_modules/node-libs-browser/node_modules/buffer/index.js": 172,
    "./node_modules/webpack/node_modules/node-libs-browser/node_modules/buffer/node_modules/base64-js/index.js": 173,
    "./node_modules/webpack/node_modules/node-libs-browser/node_modules/buffer/node_modules/ieee754/index.js": 174,
    "./node_modules/webpack/node_modules/node-libs-browser/node_modules/buffer/node_modules/isarray/index.js": 175,
    "./components/vendor/weixinJSBridge.js": 176,
    "./components/vendor/crc32.js": 177
  }
}