{"name":"react_vendor_library","content":{"./node_modules/core-js/modules/_defined.js":{"id":"./node_modules/core-js/modules/_defined.js","buildMeta":{"providedExports":true}},"./node_modules/react-dom/index.js":{"id":"./node_modules/react-dom/index.js","buildMeta":{"providedExports":true}},"./node_modules/prop-types/index.js":{"id":"./node_modules/prop-types/index.js","buildMeta":{"providedExports":true}},"./node_modules/classnames/index.js":{"id":"./node_modules/classnames/index.js","buildMeta":{"providedExports":true}},"./node_modules/core-js/es6/map.js":{"id":"./node_modules/core-js/es6/map.js","buildMeta":{"providedExports":true}},"./node_modules/core-js/es6/set.js":{"id":"./node_modules/core-js/es6/set.js","buildMeta":{"providedExports":true}},"./node_modules/create-react-class/index.js":{"id":"./node_modules/create-react-class/index.js","buildMeta":{"providedExports":true}},"./components/vendor/iscroll-lite.js":{"id":"./components/vendor/iscroll-lite.js","buildMeta":{"providedExports":true}},"./node_modules/create-react-class/factory.js":{"id":"./node_modules/create-react-class/factory.js","buildMeta":{"providedExports":true}},"./node_modules/object-assign/index.js":{"id":"./node_modules/object-assign/index.js","buildMeta":{"providedExports":true}},"./node_modules/fbjs/lib/emptyObject.js":{"id":"./node_modules/fbjs/lib/emptyObject.js","buildMeta":{"providedExports":true}},"./node_modules/fbjs/lib/invariant.js":{"id":"./node_modules/fbjs/lib/invariant.js","buildMeta":{"providedExports":true}},"./node_modules/core-js/modules/es6.object.to-string.js":{"id":"./node_modules/core-js/modules/es6.object.to-string.js","buildMeta":{"providedExports":true}},"./node_modules/core-js/modules/es6.string.iterator.js":{"id":"./node_modules/core-js/modules/es6.string.iterator.js","buildMeta":{"providedExports":true}},"./node_modules/core-js/modules/web.dom.iterable.js":{"id":"./node_modules/core-js/modules/web.dom.iterable.js","buildMeta":{"providedExports":true}},"./node_modules/core-js/modules/es6.set.js":{"id":"./node_modules/core-js/modules/es6.set.js","buildMeta":{"providedExports":true}},"./node_modules/core-js/modules/_core.js":{"id":"./node_modules/core-js/modules/_core.js","buildMeta":{"providedExports":true}},"./node_modules/core-js/modules/_collection-strong.js":{"id":"./node_modules/core-js/modules/_collection-strong.js","buildMeta":{"providedExports":true}},"./node_modules/core-js/modules/_validate-collection.js":{"id":"./node_modules/core-js/modules/_validate-collection.js","buildMeta":{"providedExports":true}},"./node_modules/core-js/modules/_collection.js":{"id":"./node_modules/core-js/modules/_collection.js","buildMeta":{"providedExports":true}},"./node_modules/core-js/modules/_global.js":{"id":"./node_modules/core-js/modules/_global.js","buildMeta":{"providedExports":true}},"./node_modules/core-js/modules/_export.js":{"id":"./node_modules/core-js/modules/_export.js","buildMeta":{"providedExports":true}},"./node_modules/core-js/modules/_redefine.js":{"id":"./node_modules/core-js/modules/_redefine.js","buildMeta":{"providedExports":true}},"./node_modules/core-js/modules/_redefine-all.js":{"id":"./node_modules/core-js/modules/_redefine-all.js","buildMeta":{"providedExports":true}},"./node_modules/core-js/modules/_meta.js":{"id":"./node_modules/core-js/modules/_meta.js","buildMeta":{"providedExports":true}},"./node_modules/core-js/modules/_for-of.js":{"id":"./node_modules/core-js/modules/_for-of.js","buildMeta":{"providedExports":true}},"./node_modules/core-js/modules/_an-instance.js":{"id":"./node_modules/core-js/modules/_an-instance.js","buildMeta":{"providedExports":true}},"./node_modules/core-js/modules/_is-object.js":{"id":"./node_modules/core-js/modules/_is-object.js","buildMeta":{"providedExports":true}},"./node_modules/core-js/modules/_fails.js":{"id":"./node_modules/core-js/modules/_fails.js","buildMeta":{"providedExports":true}},"./node_modules/core-js/modules/_iter-detect.js":{"id":"./node_modules/core-js/modules/_iter-detect.js","buildMeta":{"providedExports":true}},"./node_modules/core-js/modules/_set-to-string-tag.js":{"id":"./node_modules/core-js/modules/_set-to-string-tag.js","buildMeta":{"providedExports":true}},"./node_modules/core-js/modules/_inherit-if-required.js":{"id":"./node_modules/core-js/modules/_inherit-if-required.js","buildMeta":{"providedExports":true}},"./node_modules/core-js/modules/_set-proto.js":{"id":"./node_modules/core-js/modules/_set-proto.js","buildMeta":{"providedExports":true}},"./node_modules/core-js/modules/_an-object.js":{"id":"./node_modules/core-js/modules/_an-object.js","buildMeta":{"providedExports":true}},"./node_modules/core-js/modules/_ctx.js":{"id":"./node_modules/core-js/modules/_ctx.js","buildMeta":{"providedExports":true}},"./node_modules/core-js/modules/_object-gopd.js":{"id":"./node_modules/core-js/modules/_object-gopd.js","buildMeta":{"providedExports":true}},"./node_modules/core-js/modules/_object-pie.js":{"id":"./node_modules/core-js/modules/_object-pie.js","buildMeta":{"providedExports":true}},"./node_modules/core-js/modules/_property-desc.js":{"id":"./node_modules/core-js/modules/_property-desc.js","buildMeta":{"providedExports":true}},"./node_modules/core-js/modules/_to-iobject.js":{"id":"./node_modules/core-js/modules/_to-iobject.js","buildMeta":{"providedExports":true}},"./node_modules/core-js/modules/_to-primitive.js":{"id":"./node_modules/core-js/modules/_to-primitive.js","buildMeta":{"providedExports":true}},"./node_modules/core-js/modules/_has.js":{"id":"./node_modules/core-js/modules/_has.js","buildMeta":{"providedExports":true}},"./node_modules/core-js/modules/_ie8-dom-define.js":{"id":"./node_modules/core-js/modules/_ie8-dom-define.js","buildMeta":{"providedExports":true}},"./node_modules/core-js/modules/_descriptors.js":{"id":"./node_modules/core-js/modules/_descriptors.js","buildMeta":{"providedExports":true}},"./node_modules/core-js/modules/_dom-create.js":{"id":"./node_modules/core-js/modules/_dom-create.js","buildMeta":{"providedExports":true}},"./node_modules/core-js/modules/_iobject.js":{"id":"./node_modules/core-js/modules/_iobject.js","buildMeta":{"providedExports":true}},"./node_modules/react/index.js":{"id":"./node_modules/react/index.js","buildMeta":{"providedExports":true}},"./node_modules/core-js/modules/_cof.js":{"id":"./node_modules/core-js/modules/_cof.js","buildMeta":{"providedExports":true}},"./node_modules/core-js/modules/_a-function.js":{"id":"./node_modules/core-js/modules/_a-function.js","buildMeta":{"providedExports":true}},"./node_modules/core-js/modules/_object-dp.js":{"id":"./node_modules/core-js/modules/_object-dp.js","buildMeta":{"providedExports":true}},"./node_modules/core-js/modules/_wks.js":{"id":"./node_modules/core-js/modules/_wks.js","buildMeta":{"providedExports":true}},"./node_modules/core-js/modules/_shared.js":{"id":"./node_modules/core-js/modules/_shared.js","buildMeta":{"providedExports":true}},"./node_modules/core-js/modules/_uid.js":{"id":"./node_modules/core-js/modules/_uid.js","buildMeta":{"providedExports":true}},"./node_modules/core-js/modules/_library.js":{"id":"./node_modules/core-js/modules/_library.js","buildMeta":{"providedExports":true}},"./node_modules/core-js/modules/_iter-call.js":{"id":"./node_modules/core-js/modules/_iter-call.js","buildMeta":{"providedExports":true}},"./node_modules/core-js/modules/_is-array-iter.js":{"id":"./node_modules/core-js/modules/_is-array-iter.js","buildMeta":{"providedExports":true}},"./node_modules/core-js/modules/_to-length.js":{"id":"./node_modules/core-js/modules/_to-length.js","buildMeta":{"providedExports":true}},"./node_modules/core-js/modules/core.get-iterator-method.js":{"id":"./node_modules/core-js/modules/core.get-iterator-method.js","buildMeta":{"providedExports":true}},"./node_modules/core-js/modules/_classof.js":{"id":"./node_modules/core-js/modules/_classof.js","buildMeta":{"providedExports":true}},"./node_modules/core-js/modules/_iterators.js":{"id":"./node_modules/core-js/modules/_iterators.js","buildMeta":{"providedExports":true}},"./node_modules/core-js/modules/_to-integer.js":{"id":"./node_modules/core-js/modules/_to-integer.js","buildMeta":{"providedExports":true}},"./node_modules/core-js/modules/_hide.js":{"id":"./node_modules/core-js/modules/_hide.js","buildMeta":{"providedExports":true}},"./node_modules/core-js/modules/_object-create.js":{"id":"./node_modules/core-js/modules/_object-create.js","buildMeta":{"providedExports":true}},"./node_modules/core-js/modules/_iter-define.js":{"id":"./node_modules/core-js/modules/_iter-define.js","buildMeta":{"providedExports":true}},"./node_modules/core-js/modules/_iter-step.js":{"id":"./node_modules/core-js/modules/_iter-step.js","buildMeta":{"providedExports":true}},"./node_modules/core-js/modules/_set-species.js":{"id":"./node_modules/core-js/modules/_set-species.js","buildMeta":{"providedExports":true}},"./node_modules/core-js/modules/_iter-create.js":{"id":"./node_modules/core-js/modules/_iter-create.js","buildMeta":{"providedExports":true}},"./node_modules/core-js/modules/_object-gpo.js":{"id":"./node_modules/core-js/modules/_object-gpo.js","buildMeta":{"providedExports":true}},"./node_modules/core-js/modules/_to-object.js":{"id":"./node_modules/core-js/modules/_to-object.js","buildMeta":{"providedExports":true}},"./node_modules/core-js/modules/_shared-key.js":{"id":"./node_modules/core-js/modules/_shared-key.js","buildMeta":{"providedExports":true}},"./node_modules/core-js/modules/_object-dps.js":{"id":"./node_modules/core-js/modules/_object-dps.js","buildMeta":{"providedExports":true}},"./node_modules/core-js/modules/_enum-bug-keys.js":{"id":"./node_modules/core-js/modules/_enum-bug-keys.js","buildMeta":{"providedExports":true}},"./node_modules/core-js/modules/_html.js":{"id":"./node_modules/core-js/modules/_html.js","buildMeta":{"providedExports":true}},"./node_modules/core-js/modules/_object-keys.js":{"id":"./node_modules/core-js/modules/_object-keys.js","buildMeta":{"providedExports":true}},"./node_modules/core-js/modules/_object-keys-internal.js":{"id":"./node_modules/core-js/modules/_object-keys-internal.js","buildMeta":{"providedExports":true}},"./node_modules/core-js/modules/_array-includes.js":{"id":"./node_modules/core-js/modules/_array-includes.js","buildMeta":{"providedExports":true}},"./node_modules/core-js/modules/_to-absolute-index.js":{"id":"./node_modules/core-js/modules/_to-absolute-index.js","buildMeta":{"providedExports":true}},"./node_modules/core-js/modules/es6.array.iterator.js":{"id":"./node_modules/core-js/modules/es6.array.iterator.js","buildMeta":{"providedExports":true}},"./node_modules/core-js/modules/_add-to-unscopables.js":{"id":"./node_modules/core-js/modules/_add-to-unscopables.js","buildMeta":{"providedExports":true}},"./node_modules/core-js/modules/_string-at.js":{"id":"./node_modules/core-js/modules/_string-at.js","buildMeta":{"providedExports":true}},"./node_modules/core-js/modules/es6.map.js":{"id":"./node_modules/core-js/modules/es6.map.js","buildMeta":{"providedExports":true}},"./node_modules/prop-types/factoryWithThrowingShims.js":{"id":"./node_modules/prop-types/factoryWithThrowingShims.js","buildMeta":{"providedExports":true}},"./node_modules/prop-types/lib/ReactPropTypesSecret.js":{"id":"./node_modules/prop-types/lib/ReactPropTypesSecret.js","buildMeta":{"providedExports":true}},"./node_modules/react-dom/cjs/react-dom.production.min.js":{"id":"./node_modules/react-dom/cjs/react-dom.production.min.js","buildMeta":{"providedExports":true}},"./node_modules/fbjs/lib/ExecutionEnvironment.js":{"id":"./node_modules/fbjs/lib/ExecutionEnvironment.js","buildMeta":{"providedExports":true}},"./node_modules/fbjs/lib/emptyFunction.js":{"id":"./node_modules/fbjs/lib/emptyFunction.js","buildMeta":{"providedExports":true}},"./node_modules/fbjs/lib/getActiveElement.js":{"id":"./node_modules/fbjs/lib/getActiveElement.js","buildMeta":{"providedExports":true}},"./node_modules/fbjs/lib/shallowEqual.js":{"id":"./node_modules/fbjs/lib/shallowEqual.js","buildMeta":{"providedExports":true}},"./node_modules/fbjs/lib/containsNode.js":{"id":"./node_modules/fbjs/lib/containsNode.js","buildMeta":{"providedExports":true}},"./node_modules/fbjs/lib/isTextNode.js":{"id":"./node_modules/fbjs/lib/isTextNode.js","buildMeta":{"providedExports":true}},"./node_modules/fbjs/lib/isNode.js":{"id":"./node_modules/fbjs/lib/isNode.js","buildMeta":{"providedExports":true}},"./node_modules/react/cjs/react.production.min.js":{"id":"./node_modules/react/cjs/react.production.min.js","buildMeta":{"providedExports":true}}}}